<?xml version="1.0" encoding="UTF-8"?>
<character location.name="graveyard" location.x="1000" location.y="850" posZ="0" rotate="30" roll="90">
  <data name="character">
    <data name="image">
      <data type="image" name="imageIdentifier">51467d6ed50e36ebc2d358d9143f61946e35fa42d0be2997f6cd193c6a4b7c9b</data>
    </data>
    <data name="common">
      <data name="name">そば・ヤング・グリーン・ドラゴン</data>
      <data name="size">2.5</data>
    </data>
    <data name="detail">
      <data name="基本情報">
        <data name="サイズ" type="">大型</data>
        <data name="種別">ドラゴン</data>
        <data name="属性">秩序にして悪</data>
      </data>
      <data name="データ">
        <data name="AC" type="">18</data>
        <data name="ヒット・ポイント" type="numberResource" currentValue="136">136</data>
        <data name="移動速度">40’、水泳40’、飛行80’</data>
        <data name="イニシアチブ">20</data>
        <data name="感覚他" type="note">暗視120’、擬似視覚30’
受動〈知覚〉17
共通語、竜語</data>
        <data name="特徴" type="note">水陸両生：空気を呼吸することも水を呼吸することもできる。</data>
      </data>
      <data name="能力値">
        <data name="【筋力】">19</data>
        <data name="【敏捷力】">12</data>
        <data name="【耐久力】">17</data>
        <data name="【知力】">16</data>
        <data name="【判断力】">13</data>
        <data name="【魅力】">15</data>
      </data>
      <data name="技能">
        <data name="〈隠密〉">+4</data>
        <data name="〈知覚〉">+7</data>
        <data name="〈ペテン〉">+5</data>
      </data>
      <data name="セーヴィング・スロー">
        <data name="【筋】セーヴ">+4</data>
        <data name="【敏】セーヴ">+4</data>
        <data name="【耐】セーヴ">+6</data>
        <data name="【知】セーヴ">+3</data>
        <data name="【判】セーヴ">+4</data>
        <data name="【魅】セーヴ">+5</data>
      </data>
      <data name="アクション">
        <data name=" 複数回攻撃">
          <data name="複数回攻撃" type="note">このドラゴン3 回の攻撃（噛みつき1回、爪2回）を行なう。</data>
        </data>
        <data name="攻撃1噛みつき（間合い10）">
          <data name="攻撃1">噛みつき（間合い10）</data>
          <data name="攻撃1修正">+7</data>
          <data name="攻撃1ダメージ">2d10+4+2d6</data>
          <data name="攻撃1D種別">［刺突］さらに［毒］</data>
          <data name="攻撃1追加効果"></data>
        </data>
        <data name="攻撃2爪">
          <data name="攻撃2">爪</data>
          <data name="攻撃2修正">+7</data>
          <data name="攻撃2ダメージ">2d6+4</data>
          <data name="攻撃2D種別">［斬撃］</data>
        </data>
        <data name="攻撃3［毒］のブレス（再チャージ5～6）">
          <data name="攻撃3">［毒］のブレス（難易度14【耐】、30’円錐）</data>
          <data name="攻撃3修正"></data>
          <data name="攻撃3ダメージ">12d6</data>
          <data name="攻撃3D種別">［毒］</data>
        </data>
      </data>
    </data>
  </data>
  <chat-palette dicebot="DungeonsAndDoragons">▼能力値判定
1d20+(({【筋力】}-10)/2) {name}の【筋力】判定！
1d20+(({【敏捷力】}-10)/2) {name}の【敏捷力】判定！
1d20+(({【耐久力】}-10)/2) {name}の【耐久力】判定！
1d20+(({【知力】}-10)/2) {name}の【知力】判定！
1d20+(({【判断力】}-10)/2) {name}の【判断力】判定！
1d20+(({【魅力】}-10)/2) {name}の【魅力】判定！
▼技能判定
1d20+{〈隠密〉} {name}の〈隠密〉判定！
1d20+{〈知覚〉} {name}の〈知覚〉判定！
1d20+{〈ペテン〉} {name}の〈ペテン〉判定！

▼セーヴィング・スロー

1d20+{【筋】セーヴ} {name}の【筋力】セーヴィング・スロー！
1d20+{【敏】セーヴ} {name}の【敏捷力】セーヴィング・スロー！
1d20+{【耐】セーヴ} {name}の【耐久力】セーヴィング・スロー！
1d20+{【知】セーヴ} {name}の【知力】セーヴィング・スロー！
1d20+{【判】セーヴ} {name}の【判断力】セーヴィング・スロー！
1d20+{【魅】セーヴ} {name}の【魅力】セーヴィング・スロー！
1d20&gt;=10 {name}の死亡セーヴィング・スロー！
▼戦闘
1d20+(({【敏捷力】}-10)/2)  {name}のイニシアチブ判定！
1d20+{攻撃1修正}　{name}の{攻撃1}攻撃！
{攻撃1ダメージ} {name}の{攻撃1}{攻撃1D種別}ダメージ！ {攻撃1追加効果}
1d20+{攻撃2修正}　{name}の{攻撃2}攻撃！
{攻撃2ダメージ} {name}の{攻撃2}{攻撃2D種別}ダメージ！ {攻撃2追加効果}
{攻撃3ダメージ} {name}の{攻撃3}{攻撃3D種別}ダメージ！ {攻撃3追加効果}
</chat-palette>
</character>