<?xml version="1.0" encoding="UTF-8"?>
<character location.name="table" location.x="500.1620721473364" location.y="1160.9725417644545" posZ="0" rotate="0" roll="0">
  <data name="character">
    <data name="image">
      <data type="image" name="imageIdentifier">cddd4e594b3b4abc9f775db5accb21dfb0d2dd892652fddd442287ae8ab78ac9</data>
    </data>
    <data name="common">
      <data name="name">エア・エレメンタル</data>
      <data name="size">2</data>
    </data>
    <data name="detail">
      <data name="基本情報">
        <data name="サイズ" type="">大型</data>
        <data name="種別">エレメンタル</data>
        <data name="属性">真なる中立</data>
      </data>
      <data name="データ">
        <data name="AC" type="">15</data>
        <data name="ヒット・ポイント" type="numberResource" currentValue="90">90</data>
        <data name="移動速度">飛行90</data>
        <data name="イニシアチブ">13</data>
        <data name="感覚他" type="note">暗視60フィート、受動〈知覚〉10</data>
        <data name="特徴" type="note">抵抗：&lt;/b&gt;［電撃］、［雷鳴］；非魔法
状態完全耐性：&lt;/b&gt;気絶状態、拘束状態、消耗状態、石化状態、つかまれた状態、毒状態、伏せ状態、麻痺状態
竜巻変化（再チャージ4～6）：&lt;/b&gt;このエレメンタルのスペース内にいるクリーチャーはみな難易度13の【筋力】セーヴィング・スローを行なわねばならない。セーヴに失敗した目標は15（3d8＋2）［殴打］ダメージを受け、このエレメンタルから（ランダムな方向へ）20フィート離れた所へ吹き飛ばされ、倒れて伏せ状態になる。吹き飛ばされた目標が（壁や床などの）物体に衝突したなら、その目標は10フィート飛ばされたごとに3（1d6）［殴打］ダメージを受ける。目標が他のクリーチャーのいる場所へ吹き飛ばされたなら、その“他のクリーチャー”は難易度13の【敏捷力】セーヴィング・スローを行なわねばならず、失敗したなら上記のダメージを受けて伏せ状態になる。
　セーヴに成功した目標は半分の［殴打］ダメージを受け、吹き飛ばされることも伏せ状態になることもない。</data>
      </data>
      <data name="能力値">
        <data name="【筋力】">14</data>
        <data name="【敏捷力】">20</data>
        <data name="【耐久力】">14</data>
        <data name="【知力】">6</data>
        <data name="【判断力】">10</data>
        <data name="【魅力】">6</data>
      </data>
      <data name="セーヴィング・スロー">
        <data name="【筋】セーヴ">2</data>
        <data name="【敏】セーヴ">5</data>
        <data name="【耐】セーヴ">2</data>
        <data name="【知】セーヴ">-2</data>
        <data name="【判】セーヴ">0</data>
        <data name="【魅】セーヴ">-2</data>
      </data>
      <data name="アクション">
        <data name="攻撃1 叩きつけ">
          <data name="攻撃1">叩きつけ</data>
          <data name="攻撃1修正">+8</data>
          <data name="攻撃1ダメージ">2d8+5</data>
          <data name="攻撃1D種別">［殴打］</data>
          <data name="攻撃1追加効果"></data>
        </data>
      </data>
    </data>
  </data>
  <chat-palette dicebot="DungeonsAndDoragons">▼能力値判定
1d20+(({【筋力】}-10)/2) {name}の【筋力】判定！
1d20+(({【敏捷力】}-10)/2) {name}の【敏捷力】判定！
1d20+(({【耐久力】}-10)/2) {name}の【耐久力】判定！
1d20+(({【知力】}-10)/2) {name}の【知力】判定！
1d20+(({【判断力】}-10)/2) {name}の【判断力】判定！
1d20+(({【魅力】}-10)/2) {name}の【魅力】判定！
▼技能判定
1d20+{〈隠密〉} {name}の〈隠密〉判定！
▼セーヴィング・スロー
1d20+{【筋】セーヴ} {name}の【筋力】セーヴィング・スロー！
1d20+{【敏】セーヴ} {name}の【敏捷力】セーヴィング・スロー！
1d20+{【耐】セーヴ} {name}の【耐久力】セーヴィング・スロー！
1d20+{【知】セーヴ} {name}の【知力】セーヴィング・スロー！
1d20+{【判】セーヴ} {name}の【判断力】セーヴィング・スロー！
1d20+{【魅】セーヴ} {name}の【魅力】セーヴィング・スロー！
1d20&gt;=10 {name}の死亡セーヴィング・スロー！
▼戦闘
1d20+(({【敏捷力】}-10)/2)  {name}のイニシアチブ判定！
1d20+{攻撃1修正}　{name}の{攻撃1}攻撃！
{攻撃1ダメージ} {name}の{攻撃1}{攻撃1D種別}ダメージ！ {攻撃1追加効果}
1d20+{攻撃2修正}　{name}の{攻撃2}攻撃！
{攻撃2ダメージ} {name}の{攻撃2}{攻撃2D種別}ダメージ！ {攻撃2追加効果}
</chat-palette>
</character>