<?xml version="1.0" encoding="UTF-8"?>
<character location.name="table" location.x="50" location.y="900" posZ="0" rotate="0" roll="0">
  <data name="character">
    <data name="image">
      <data type="image" name="imageIdentifier">b4c57cf6d707004390f9e09fafd5842c9b17ae2eb3032b7a73ee3212e3da4bff</data>
    </data>
    <data name="common">
      <data name="name">ジャイアント・ウルフ・スパイダー</data>
      <data name="size">1</data>
    </data>
    <data name="detail">
      <data name="基本情報">
        <data name="サイズ" type="">中型</data>
        <data name="種別">野獣</data>
        <data name="属性">無属性</data>
      </data>
      <data name="データ">
        <data name="AC" type="">13</data>
        <data name="ヒット・ポイント" type="numberResource" currentValue="11">11</data>
        <data name="移動速度">40’　登攀40</data>
        <data name="イニシアチブ">13</data>
        <data name="感覚他" type="note">擬似視覚10
蜘蛛歩き
蜘蛛の巣振動感知</data>
        <data name="特徴" type="note"></data>
      </data>
      <data name="能力値">
        <data name="【筋力】">12</data>
        <data name="【敏捷力】">16</data>
        <data name="【耐久力】">13</data>
        <data name="【知力】">3</data>
        <data name="【判断力】">12</data>
        <data name="【魅力】">4</data>
      </data>
      <data name="技能">
        <data name="〈隠密〉">+4</data>
      </data>
      <data name="セーヴィング・スロー">
        <data name="【筋】セーヴ">1</data>
        <data name="【敏】セーヴ">3</data>
        <data name="【耐】セーヴ">1</data>
        <data name="【知】セーヴ">-4</data>
        <data name="【判】セーヴ">1</data>
        <data name="【魅】セーヴ">-3</data>
      </data>
      <data name="アクション">
        <data name="攻撃1 噛みつき">
          <data name="攻撃1">噛みつき</data>
          <data name="攻撃1修正">3</data>
          <data name="攻撃1ダメージ">1d6+1+2d6</data>
          <data name="攻撃1D種別">［刺突］／［毒］</data>
          <data name="攻撃1追加効果"></data>
        </data>
      </data>
    </data>
  </data>
  <chat-palette dicebot="DungeonsAndDoragons">▼能力値判定
1d20+(({【筋力】}-10)/2) {name}の【筋力】判定！
1d20+(({【敏捷力】}-10)/2) {name}の【敏捷力】判定！
1d20+(({【耐久力】}-10)/2) {name}の【耐久力】判定！
1d20+(({【知力】}-10)/2) {name}の【知力】判定！
1d20+(({【判断力】}-10)/2) {name}の【判断力】判定！
1d20+(({【魅力】}-10)/2) {name}の【魅力】判定！
▼技能判定
1d20+{〈隠密〉} {name}の〈隠密〉判定！
▼セーヴィング・スロー
1d20+{【筋】セーヴ} {name}の【筋力】セーヴィング・スロー！
1d20+{【敏】セーヴ} {name}の【敏捷力】セーヴィング・スロー！
1d20+{【耐】セーヴ} {name}の【耐久力】セーヴィング・スロー！
1d20+{【知】セーヴ} {name}の【知力】セーヴィング・スロー！
1d20+{【判】セーヴ} {name}の【判断力】セーヴィング・スロー！
1d20+{【魅】セーヴ} {name}の【魅力】セーヴィング・スロー！
1d20&gt;=10 {name}の死亡セーヴィング・スロー！
▼戦闘
1d20+(({【敏捷力】}-10)/2)  {name}のイニシアチブ判定！
1d20+{攻撃1修正}　{name}の{攻撃1}攻撃！
{攻撃1ダメージ} {name}の{攻撃1}{攻撃1D種別}ダメージ　毒ダメージはConセーヴDC11で半減！ {攻撃1追加効果}
1d20+{攻撃2修正}　{name}の{攻撃2}攻撃！
{攻撃2ダメージ} {name}の{攻撃2}{攻撃2D種別}ダメージ！ {攻撃2追加効果}
</chat-palette>
</character>