<?xml version="1.0" encoding="UTF-8"?>
<character location.name="table" location.x="500" location.y="1250" posZ="0" rotate="0" roll="0">
  <data name="character">
    <data name="image">
      <data type="image" name="imageIdentifier">4a62a2bdb47e5b1842582d21485114b035321fc65326b71041ff251e9b7565c9</data>
    </data>
    <data name="common">
      <data name="name">フレッシュゴーレム</data>
      <data name="size">2</data>
    </data>
    <data name="detail">
      <data name="基本情報">
        <data name="サイズ" type="">L</data>
        <data name="種別">人造</data>
        <data name="属性">Unaligned</data>
      </data>
      <data name="データ">
        <data name="AC" type="">9</data>
        <data name="ヒット・ポイント" type="numberResource" currentValue="93">93</data>
        <data name="移動速度">30 ft. </data>
        <data name="イニシアチブ">15</data>
        <data name="感覚他" type="note">暗視60フィート、受動〈知覚〉10
</data>
        <data name="特徴" type="note">HP半減で暴走
電撃吸収
非魔法武器無効
火の忌避</data>
      </data>
      <data name="能力値">
        <data name="【筋力】">18</data>
        <data name="【敏捷力】">9</data>
        <data name="【耐久力】">18</data>
        <data name="【知力】">6</data>
        <data name="【判断力】">10</data>
        <data name="【魅力】">4</data>
      </data>
      <data name="セーヴィング・スロー">
        <data name="【筋】セーヴ">+4</data>
        <data name="【敏】セーヴ">-1</data>
        <data name="【耐】セーヴ">+4</data>
        <data name="【知】セーヴ">-2</data>
        <data name="【判】セーヴ">+0</data>
        <data name="【魅】セーヴ">-3</data>
      </data>
      <data name="アクション">
        <data name="攻撃1 Slam2回">
          <data name="攻撃1">Slam</data>
          <data name="攻撃1修正">+7</data>
          <data name="攻撃1ダメージ">2d8+4</data>
          <data name="攻撃1D種別">殴打</data>
          <data name="攻撃1追加効果"></data>
        </data>
      </data>
    </data>
  </data>
  <chat-palette dicebot="DungeonsAndDoragons">▼能力値判定
1d20+(({【筋力】}-10)/2) {name}の【筋力】判定！
1d20+(({【敏捷力】}-10)/2) {name}の【敏捷力】判定！
1d20+(({【耐久力】}-10)/2) {name}の【耐久力】判定！
1d20+(({【知力】}-10)/2) {name}の【知力】判定！
1d20+(({【判断力】}-10)/2) {name}の【判断力】判定！
1d20+(({【魅力】}-10)/2) {name}の【魅力】判定！
▼技能判定
1d20+{〈隠密〉} {name}の〈隠密〉判定！
▼セーヴィング・スロー
1d20+{【筋】セーヴ} {name}の【筋力】セーヴィング・スロー！
1d20+{【敏】セーヴ} {name}の【敏捷力】セーヴィング・スロー！
1d20+{【耐】セーヴ} {name}の【耐久力】セーヴィング・スロー！
1d20+{【知】セーヴ} {name}の【知力】セーヴィング・スロー！
1d20+{【判】セーヴ} {name}の【判断力】セーヴィング・スロー！
1d20+{【魅】セーヴ} {name}の【魅力】セーヴィング・スロー！
1d20&gt;=10 {name}の死亡セーヴィング・スロー！
▼戦闘
1d20+(({【敏捷力】}-10)/2)  {name}のイニシアチブ判定！
▼攻撃1
1d20+{攻撃1修正}　{name}の{攻撃1}攻撃！
{攻撃1ダメージ} {name}の{攻撃1}{攻撃1D種別}ダメージ！ {攻撃1追加効果}
▼攻撃2
1d20+{攻撃2修正}　{name}の{攻撃2}攻撃！
{攻撃2ダメージ} {name}の{攻撃2}{攻撃2D種別}ダメージ！ {攻撃2追加効果}
</chat-palette>
</character>