<?xml version="1.0" encoding="UTF-8"?>
<character location.name="table" location.x="700" location.y="1350" posZ="0" rotate="0" roll="0">
  <data name="character">
    <data name="image">
      <data type="image" name="imageIdentifier">bbb103f9d9fb99c79238046b04f9b72ec979da9f709f5b8f7600c835465e4335</data>
    </data>
    <data name="common">
      <data name="name">狂戦士</data>
      <data name="size">1</data>
    </data>
    <data name="detail">
      <data name="基本情報">
        <data name="サイズ" type="">中型</data>
        <data name="種別">人型生物（ヒューマン）</data>
        <data name="属性">混沌にして悪</data>
      </data>
      <data name="データ">
        <data name="AC" type="">13</data>
        <data name="ヒット・ポイント" type="numberResource" currentValue="67">67</data>
        <data name="移動速度">30’</data>
        <data name="イニシアチブ">3</data>
        <data name="感覚他" type="note">受動〈知覚〉10</data>
        <data name="特徴" type="note">捨て身の攻撃</data>
      </data>
      <data name="能力値">
        <data name="【筋力】">16</data>
        <data name="【敏捷力】">12</data>
        <data name="【耐久力】">17</data>
        <data name="【知力】">9</data>
        <data name="【判断力】">10</data>
        <data name="【魅力】">9</data>
      </data>
      <data name="技能">
        <data name="〈威圧〉"></data>
      </data>
      <data name="セーヴィング・スロー">
        <data name="【筋】セーヴ">3</data>
        <data name="【敏】セーヴ">1</data>
        <data name="【耐】セーヴ">3</data>
        <data name="【知】セーヴ">-1</data>
        <data name="【判】セーヴ">0</data>
        <data name="【魅】セーヴ">-1</data>
      </data>
      <data name="アクション">
        <data name="攻撃1グレートアックス">
          <data name="攻撃1">グレートアックス</data>
          <data name="攻撃1修正">5</data>
          <data name="攻撃1ダメージ">1d12+3</data>
          <data name="攻撃1D種別">［斬撃］</data>
          <data name="攻撃1追加効果"></data>
        </data>
      </data>
    </data>
  </data>
  <chat-palette dicebot="DungeonsAndDoragons">▼能力値判定
1d20+(({【筋力】}-10)/2) {name}の【筋力】判定！
1d20+(({【敏捷力】}-10)/2) {name}の【敏捷力】判定！
1d20+(({【耐久力】}-10)/2) {name}の【耐久力】判定！
1d20+(({【知力】}-10)/2) {name}の【知力】判定！
1d20+(({【判断力】}-10)/2) {name}の【判断力】判定！
1d20+(({【魅力】}-10)/2) {name}の【魅力】判定！
▼技能判定
1d20+{〈隠密〉} {name}の〈隠密〉判定！
▼セーヴィング・スロー
1d20+{【筋】セーヴ} {name}の【筋力】セーヴィング・スロー！
1d20+{【敏】セーヴ} {name}の【敏捷力】セーヴィング・スロー！
1d20+{【耐】セーヴ} {name}の【耐久力】セーヴィング・スロー！
1d20+{【知】セーヴ} {name}の【知力】セーヴィング・スロー！
1d20+{【判】セーヴ} {name}の【判断力】セーヴィング・スロー！
1d20+{【魅】セーヴ} {name}の【魅力】セーヴィング・スロー！
1d20&gt;=10 {name}の死亡セーヴィング・スロー！
▼戦闘
1d20+(({【敏捷力】}-10)/2)  {name}のイニシアチブ判定！
1d20+{攻撃1修正}　{name}の{攻撃1}攻撃！
{攻撃1ダメージ} {name}の{攻撃1}{攻撃1D種別}ダメージ！ {攻撃1追加効果}
1d20+{攻撃2修正}　{name}の{攻撃2}攻撃！
{攻撃2ダメージ} {name}の{攻撃2}{攻撃2D種別}ダメージ！ {攻撃2追加効果}
</chat-palette>
</character>