<?xml version="1.0" encoding="UTF-8"?>
<character location.name="table" location.x="500" location.y="1025" posZ="0" rotate="0" roll="0">
  <data name="character">
    <data name="image">
      <data type="image" name="imageIdentifier">d2d5cb8f8d4c82cc6940cfbb0561c1ce9fa8de8ffa1f05a4ea9251e2774eb21a</data>
    </data>
    <data name="common">
      <data name="name">バグベア</data>
      <data name="size">1</data>
    </data>
    <data name="detail">
      <data name="基本情報">
        <data name="サイズ" type="">中型</data>
        <data name="種別">人型生物（ゴブリン類）</data>
        <data name="属性">中立にして悪</data>
      </data>
      <data name="データ">
        <data name="AC" type="">16</data>
        <data name="ヒット・ポイント" type="numberResource" currentValue="27">27</data>
        <data name="移動速度">30’</data>
        <data name="イニシアチブ">3</data>
        <data name="感覚他" type="note">暗視60’
受動〈知覚〉9
共通語、ゴブリン語</data>
        <data name="特徴" type="note">不意打ち＋2d6</data>
      </data>
      <data name="能力値">
        <data name="【筋力】">15</data>
        <data name="【敏捷力】">14</data>
        <data name="【耐久力】">13</data>
        <data name="【知力】">8</data>
        <data name="【判断力】">11</data>
        <data name="【魅力】">9</data>
      </data>
      <data name="技能">
        <data name="〈隠密〉">+6</data>
      </data>
      <data name="セーヴィング・スロー">
        <data name="【筋】セーヴ">2</data>
        <data name="【敏】セーヴ">+2</data>
        <data name="【耐】セーヴ">1</data>
        <data name="【知】セーヴ">-1</data>
        <data name="【判】セーヴ">0</data>
        <data name="【魅】セーヴ">-1</data>
      </data>
      <data name="アクション">
        <data name="攻撃1 ">
          <data name="攻撃1">モーニングスター</data>
          <data name="攻撃1修正">+4</data>
          <data name="攻撃1ダメージ">2d8+2</data>
          <data name="攻撃1D種別">［刺突］</data>
          <data name="攻撃1追加効果"></data>
        </data>
        <data name="攻撃2 （30/120）">
          <data name="攻撃2">ジャヴェリン</data>
          <data name="攻撃2修正">+4</data>
          <data name="攻撃2ダメージ">1d6＋2</data>
          <data name="攻撃2D種別">［刺突］</data>
          <data name="攻撃2追加効果"></data>
        </data>
      </data>
    </data>
  </data>
  <chat-palette dicebot="DungeonsAndDoragons">▼能力値判定
1d20+(({【筋力】}-10)/2) {name}の【筋力】判定！
1d20+(({【敏捷力】}-10)/2) {name}の【敏捷力】判定！
1d20+(({【耐久力】}-10)/2) {name}の【耐久力】判定！
1d20+(({【知力】}-10)/2) {name}の【知力】判定！
1d20+(({【判断力】}-10)/2) {name}の【判断力】判定！
1d20+(({【魅力】}-10)/2) {name}の【魅力】判定！
▼技能判定
1d20+{〈隠密〉} {name}の〈隠密〉判定！
▼セーヴィング・スロー
1d20+{【筋】セーヴ} {name}の【筋力】セーヴィング・スロー！
1d20+{【敏】セーヴ} {name}の【敏捷力】セーヴィング・スロー！
1d20+{【耐】セーヴ} {name}の【耐久力】セーヴィング・スロー！
1d20+{【知】セーヴ} {name}の【知力】セーヴィング・スロー！
1d20+{【判】セーヴ} {name}の【判断力】セーヴィング・スロー！
1d20+{【魅】セーヴ} {name}の【魅力】セーヴィング・スロー！
1d20&gt;=10 {name}の死亡セーヴィング・スロー！
▼戦闘
1d20+(({【敏捷力】}-10)/2)  {name}のイニシアチブ判定！
1d20+{攻撃1修正}　{name}の{攻撃1}攻撃！
{攻撃1ダメージ} {name}の{攻撃1}{攻撃1D種別}ダメージ！ {攻撃1追加効果}
1d20+{攻撃2修正}　{name}の{攻撃2}攻撃！
{攻撃2ダメージ} {name}の{攻撃2}{攻撃2D種別}ダメージ！ {攻撃2追加効果}
</chat-palette>
</character>