<?xml version="1.0" encoding="UTF-8"?>
<character location.name="table" location.x="500" location.y="1250" posZ="0" rotate="0" roll="0">
  <data name="character">
    <data name="image">
      <data type="image" name="imageIdentifier">b9debe6563b595666af8e6e57a97acde3dad69aa01fcdd38d32fb53c5fa696ca</data>
    </data>
    <data name="common">
      <data name="name">アウルベア</data>
      <data name="size">2</data>
    </data>
    <data name="detail">
      <data name="基本情報">
        <data name="サイズ" type="">L</data>
        <data name="種別">怪物</data>
        <data name="属性"></data>
      </data>
      <data name="データ">
        <data name="AC" type="">13</data>
        <data name="ヒット・ポイント" type="numberResource" currentValue="59">59</data>
        <data name="移動速度">40</data>
        <data name="イニシアチブ">15</data>
        <data name="感覚他" type="note">暗視60フィート、受動〈知覚〉13
</data>
        <data name="特徴" type="note">鋭敏視覚＆嗅覚</data>
      </data>
      <data name="能力値">
        <data name="【筋力】">20</data>
        <data name="【敏捷力】">12</data>
        <data name="【耐久力】">16</data>
        <data name="【知力】">3</data>
        <data name="【判断力】">12</data>
        <data name="【魅力】">7</data>
      </data>
      <data name="セーヴィング・スロー">
        <data name="【筋】セーヴ">5</data>
        <data name="【敏】セーヴ">1</data>
        <data name="【耐】セーヴ">+3</data>
        <data name="【知】セーヴ">-4</data>
        <data name="【判】セーヴ">+1</data>
        <data name="【魅】セーヴ">-2</data>
      </data>
      <data name="アクション">
        <data name="攻撃1 くちばし">
          <data name="攻撃1">くちばし</data>
          <data name="攻撃1修正">+7</data>
          <data name="攻撃1ダメージ">1d10+5</data>
          <data name="攻撃1D種別">刺突</data>
          <data name="攻撃1追加効果"></data>
        </data>
        <data name="攻撃2 爪">1d4
          <data name="攻撃2">爪</data>
          <data name="攻撃2修正">7</data>
          <data name="攻撃2ダメージ">2d8+5</data>
          <data name="攻撃2D種別">斬撃</data>
        </data>
      </data>
    </data>
  </data>
  <chat-palette dicebot="DungeonsAndDoragons">▼能力値判定
1d20+(({【筋力】}-10)/2) {name}の【筋力】判定！
1d20+(({【敏捷力】}-10)/2) {name}の【敏捷力】判定！
1d20+(({【耐久力】}-10)/2) {name}の【耐久力】判定！
1d20+(({【知力】}-10)/2) {name}の【知力】判定！
1d20+(({【判断力】}-10)/2) {name}の【判断力】判定！
1d20+(({【魅力】}-10)/2) {name}の【魅力】判定！
▼技能判定
1d20+{〈隠密〉} {name}の〈隠密〉判定！
▼セーヴィング・スロー
1d20+{【筋】セーヴ} {name}の【筋力】セーヴィング・スロー！
1d20+{【敏】セーヴ} {name}の【敏捷力】セーヴィング・スロー！
1d20+{【耐】セーヴ} {name}の【耐久力】セーヴィング・スロー！
1d20+{【知】セーヴ} {name}の【知力】セーヴィング・スロー！
1d20+{【判】セーヴ} {name}の【判断力】セーヴィング・スロー！
1d20+{【魅】セーヴ} {name}の【魅力】セーヴィング・スロー！
1d20&gt;=10 {name}の死亡セーヴィング・スロー！
▼戦闘
1d20+(({【敏捷力】}-10)/2)  {name}のイニシアチブ判定！
▼攻撃1
1d20+{攻撃1修正}　{name}の{攻撃1}攻撃！
{攻撃1ダメージ} {name}の{攻撃1}{攻撃1D種別}ダメージ！ {攻撃1追加効果}
▼攻撃2
1d20+{攻撃2修正}　{name}の{攻撃2}攻撃！
{攻撃2ダメージ} {name}の{攻撃2}{攻撃2D種別}ダメージ！ {攻撃1追加効果}</chat-palette>
</character>