<?xml version="1.0" encoding="UTF-8"?>
<character location.name="table" location.x="225" location.y="350" posZ="28.343585410302126" rotate="0" roll="0">
  <data name="character">
    <data name="image">
      <data type="image" name="imageIdentifier">null</data>
    </data>
    <data name="common">
      <data name="name">グリック</data>
      <data name="size">1</data>
    </data>
    <data name="detail">
      <data name="基本情報">
        <data name="サイズ" type="">M</data>
        <data name="種別">怪物</data>
        <data name="属性">TN</data>
      </data>
      <data name="データ">
        <data name="AC" type="">14</data>
        <data name="ヒット・ポイント" type="numberResource" currentValue="27">27</data>
        <data name="移動速度">30、登攀30</data>
        <data name="イニシアチブ">+2</data>
        <data name="感覚他" type="note">暗視60フィート、受動〈知覚〉12
</data>
        <data name="特徴" type="note">岩場の迷彩：岩がちな地形で隠れるための隠密判定に有利を得る。</data>
      </data>
      <data name="能力値">
        <data name="【筋力】">14</data>
        <data name="【敏捷力】">14</data>
        <data name="【耐久力】">11</data>
        <data name="【知力】">3</data>
        <data name="【判断力】">14</data>
        <data name="【魅力】">5</data>
      </data>
      <data name="セーヴィング・スロー">
        <data name="【筋】セーヴ">2</data>
        <data name="【敏】セーヴ">2</data>
        <data name="【耐】セーヴ">0</data>
        <data name="【知】セーヴ">-4</data>
        <data name="【判】セーヴ">2</data>
        <data name="【魅】セーヴ">-3</data>
      </data>
      <data name="アクション">
        <data name="攻撃1 触手">
          <data name="攻撃1">触手</data>
          <data name="攻撃1修正">+4</data>
          <data name="攻撃1ダメージ">2d6+2</data>
          <data name="攻撃1D種別">斬撃</data>
          <data name="攻撃1追加効果"></data>
        </data>
        <data name="攻撃2 くちばし">
          <data name="攻撃2">くちばし</data>
          <data name="攻撃2修正">4</data>
          <data name="攻撃2ダメージ">1d6+5</data>
          <data name="攻撃2D種別">刺突</data>
        </data>
        <data name="複数回攻撃">複数回攻撃
          <data name="タグ">1回の触手攻撃を行なう。ヒットしたら1回のくちばし攻撃も行なえる。</data>
        </data>
      </data>
    </data>
  </data>
  <chat-palette dicebot="DungeonsAndDoragons">▼能力値判定
1d20+(({【筋力】}-10)/2) {name}の【筋力】判定！
1d20+(({【敏捷力】}-10)/2) {name}の【敏捷力】判定！
1d20+(({【耐久力】}-10)/2) {name}の【耐久力】判定！
1d20+(({【知力】}-10)/2) {name}の【知力】判定！
1d20+(({【判断力】}-10)/2) {name}の【判断力】判定！
1d20+(({【魅力】}-10)/2) {name}の【魅力】判定！
▼技能判定
1d20+{〈隠密〉} {name}の〈隠密〉判定！
▼セーヴィング・スロー
1d20+{【筋】セーヴ} {name}の【筋力】セーヴィング・スロー！
1d20+{【敏】セーヴ} {name}の【敏捷力】セーヴィング・スロー！
1d20+{【耐】セーヴ} {name}の【耐久力】セーヴィング・スロー！
1d20+{【知】セーヴ} {name}の【知力】セーヴィング・スロー！
1d20+{【判】セーヴ} {name}の【判断力】セーヴィング・スロー！
1d20+{【魅】セーヴ} {name}の【魅力】セーヴィング・スロー！
1d20&gt;=10 {name}の死亡セーヴィング・スロー！
▼戦闘
1d20+(({【敏捷力】}-10)/2)  {name}のイニシアチブ判定！
▼攻撃1
1d20+{攻撃1修正}　{name}の{攻撃1}攻撃！
{攻撃1ダメージ} {name}の{攻撃1}{攻撃1D種別}ダメージ！ {攻撃1追加効果}
▼攻撃2
1d20+{攻撃2修正}　{name}の{攻撃2}攻撃！
{攻撃2ダメージ} {name}の{攻撃2}{攻撃2D種別}ダメージ！ {攻撃1追加効果}</chat-palette>
</character>