<?xml version="1.0" encoding="UTF-8"?>
<character location.name="table" location.x="500" location.y="1025" posZ="0" rotate="0" roll="0">
  <data name="character">
    <data name="image">
      <data type="image" name="imageIdentifier">70e1050e6ce7ea94b10a681e9dc40224f5dadee28cb882e80a23235b59164149</data>
    </data>
    <data name="common">
      <data name="name">ジャイアント・ラット</data>
      <data name="size">1</data>
    </data>
    <data name="detail">
      <data name="基本情報">
        <data name="サイズ" type="">小型</data>
        <data name="種別">野獣</data>
        <data name="属性">無属性</data>
      </data>
      <data name="データ">
        <data name="AC" type="">12</data>
        <data name="ヒット・ポイント" type="numberResource" currentValue="7">7</data>
        <data name="移動速度">30’</data>
        <data name="イニシアチブ">3</data>
        <data name="感覚他" type="note">暗視60’
受動〈知覚〉10</data>
        <data name="特徴" type="note">連携戦闘</data>
      </data>
      <data name="能力値">
        <data name="【筋力】">7</data>
        <data name="【敏捷力】">15</data>
        <data name="【耐久力】">11</data>
        <data name="【知力】">2</data>
        <data name="【判断力】">10</data>
        <data name="【魅力】">4</data>
      </data>
      <data name="セーヴィング・スロー">
        <data name="【筋】セーヴ">-2</data>
        <data name="【敏】セーヴ">+2</data>
        <data name="【耐】セーヴ">0</data>
        <data name="【知】セーヴ">-4</data>
        <data name="【判】セーヴ">0</data>
        <data name="【魅】セーヴ">-3</data>
      </data>
      <data name="アクション">
        <data name="攻撃1 ">
          <data name="攻撃1">噛みつき</data>
          <data name="攻撃1修正">+4</data>
          <data name="攻撃1ダメージ">1d4+2</data>
          <data name="攻撃1D種別">［刺突］</data>
          <data name="攻撃1追加効果">ConセーヴDC10に失敗すると病気感染（非魔法的手段によるhp回復不可）</data>
        </data>
      </data>
    </data>
  </data>
  <chat-palette dicebot="DungeonsAndDoragons">▼能力値判定
1d20+(({【筋力】}-10)/2) {name}の【筋力】判定！
1d20+(({【敏捷力】}-10)/2) {name}の【敏捷力】判定！
1d20+(({【耐久力】}-10)/2) {name}の【耐久力】判定！
1d20+(({【知力】}-10)/2) {name}の【知力】判定！
1d20+(({【判断力】}-10)/2) {name}の【判断力】判定！
1d20+(({【魅力】}-10)/2) {name}の【魅力】判定！
▼技能判定
1d20+{〈隠密〉} {name}の〈隠密〉判定！
▼セーヴィング・スロー
1d20+{【筋】セーヴ} {name}の【筋力】セーヴィング・スロー！
1d20+{【敏】セーヴ} {name}の【敏捷力】セーヴィング・スロー！
1d20+{【耐】セーヴ} {name}の【耐久力】セーヴィング・スロー！
1d20+{【知】セーヴ} {name}の【知力】セーヴィング・スロー！
1d20+{【判】セーヴ} {name}の【判断力】セーヴィング・スロー！
1d20+{【魅】セーヴ} {name}の【魅力】セーヴィング・スロー！
1d20&gt;=10 {name}の死亡セーヴィング・スロー！
▼戦闘
1d20+(({【敏捷力】}-10)/2)  {name}のイニシアチブ判定！
1d20+{攻撃1修正}　{name}の{攻撃1}攻撃！
{攻撃1ダメージ} {name}の{攻撃1}{攻撃1D種別}ダメージ！ {攻撃1追加効果}
1d20+{攻撃2修正}　{name}の{攻撃2}攻撃！
{攻撃2ダメージ} {name}の{攻撃2}{攻撃2D種別}ダメージ！ {攻撃2追加効果}
</chat-palette>
</character>