<?xml version="1.0" encoding="UTF-8"?>
<character location.name="table" location.x="109.02755882835174" location.y="453.58637907145214" posZ="0.999999999999937" rotate="30" roll="90">
  <data name="character">
    <data name="image">
      <data type="image" name="imageIdentifier">1fe806c7e9d86d6ca91627934bd62003c85913835336a13847e2e9a0c5499f5f</data>
    </data>
    <data name="common">
      <data name="name">フレイムスカル</data>
      <data name="size">1</data>
    </data>
    <data name="detail">
      <data name="基本情報">
        <data name="サイズ" type="">超小型</data>
        <data name="種別">アンデッド</data>
        <data name="属性">混沌にして悪</data>
      </data>
      <data name="データ">
        <data name="AC" type="">13</data>
        <data name="ヒット・ポイント" type="numberResource" currentValue="40">40</data>
        <data name="移動速度">飛行40’ホバリング</data>
        <data name="イニシアチブ">20</data>
        <data name="感覚他" type="note">暗視60フィート、受動〈知覚〉12</data>
        <data name="特徴" type="note">魔法抵抗
&lt;b&gt;ダメージ抵抗：&lt;/b&gt;［刺突］、［死霊］、［電撃］
&lt;b&gt;ダメージ完全耐性：&lt;/b&gt;［毒］、［火］、［冷気］
&lt;b&gt;状態完全耐性：&lt;/b&gt;恐怖状態、毒状態、伏せ状態、麻痺状態、魅了状態
</data>
      </data>
      <data name="能力値">
        <data name="【筋力】">1</data>
        <data name="【敏捷力】">17</data>
        <data name="【耐久力】">14</data>
        <data name="【知力】">16</data>
        <data name="【判断力】">10</data>
        <data name="【魅力】">10</data>
      </data>
      <data name="技能">
        <data name="〈魔法学〉">+5</data>
        <data name="〈知覚〉">+2</data>
      </data>
      <data name="セーヴィング・スロー">
        <data name="【筋】セーヴ">-5</data>
        <data name="【敏】セーヴ">3</data>
        <data name="【耐】セーヴ">+2</data>
        <data name="【知】セーヴ">+3</data>
        <data name="【判】セーヴ">+0</data>
        <data name="【魅】セーヴ">+0</data>
      </data>
      <data name="アクション">
        <data name=" 複数回攻撃">
          <data name="複数回攻撃" type="note">火炎光線を2回使う</data>
        </data>
        <data name="攻撃1火炎光線30ft">
          <data name="攻撃1">火炎光線</data>
          <data name="攻撃1修正">+5</data>
          <data name="攻撃1ダメージ">2d6</data>
          <data name="攻撃1D種別">［火炎］</data>
        </data>
      </data>
      <data name="呪文">
        <data name="シールド、マジック・ミサイル、ブラー、フレイミング・スフィア、ファイアーボール" type="numberResource">
          <data name="1レベル" type="numberResource" currentValue="3">3</data>
          <data name="2レベル" type="numberResource" currentValue="2">2</data>
          <data name="3レベル" type="numberResource" currentValue="1">1</data>
        </data>
      </data>
    </data>
  </data>
  <chat-palette dicebot="DungeonsAndDoragons">▼能力値判定
1d20+(({【筋力】}-10)/2) {name}の【筋力】判定！
1d20+(({【敏捷力】}-10)/2) {name}の【敏捷力】判定！
1d20+(({【耐久力】}-10)/2) {name}の【耐久力】判定！
1d20+(({【知力】}-10)/2) {name}の【知力】判定！
1d20+(({【判断力】}-10)/2) {name}の【判断力】判定！
1d20+(({【魅力】}-10)/2) {name}の【魅力】判定！
▼技能判定
1d20+{〈隠密〉} {name}の〈隠密〉判定！
1d20+{〈知覚〉} {name}の〈知覚〉判定！
1d20+{〈ペテン〉} {name}の〈ペテン〉判定！

▼セーヴィング・スロー

1d20+{【筋】セーヴ} {name}の【筋力】セーヴィング・スロー！
1d20+{【敏】セーヴ} {name}の【敏捷力】セーヴィング・スロー！
1d20+{【耐】セーヴ} {name}の【耐久力】セーヴィング・スロー！
1d20+{【知】セーヴ} {name}の【知力】セーヴィング・スロー！
1d20+{【判】セーヴ} {name}の【判断力】セーヴィング・スロー！
1d20+{【魅】セーヴ} {name}の【魅力】セーヴィング・スロー！
1d20&gt;=10 {name}の死亡セーヴィング・スロー！
▼戦闘
1d20+(({【敏捷力】}-10)/2)  {name}のイニシアチブ判定！
1d20+{攻撃1修正}　{name}の{攻撃1}攻撃！
{攻撃1ダメージ} {name}の{攻撃1}{攻撃1D種別}ダメージ！ {攻撃1追加効果}
1d20+{攻撃2修正}　{name}の{攻撃2}攻撃！
{攻撃2ダメージ} {name}の{攻撃2}{攻撃2D種別}ダメージ！ {攻撃2追加効果}
{攻撃3ダメージ} {name}の{攻撃3}{攻撃3D種別}ダメージ！ {攻撃3追加効果}
</chat-palette>
</character>